<?xml version="1.0" encoding="utf-8"?>
<configuration>
    <properties>
        <!-- 文件输出格式 -->
        <property name="PATTERN">%d{yyyy-MM-dd HH:mm:ss.SSS} |-%-5level [%thread] %c [%L] -| %msg%n</property>
    </properties>

    <appenders>
        <Console name="CONSOLE" target="system_out">
            <PatternLayout pattern="${PATTERN}" />
        </Console>
    </appenders>
    <!--配置mybatis日志-->
    <loggers>

        <logger name="log4j.logger.org.mybatis" level="debug" additivity="false">
            <appender-ref ref="Console"/>
        </logger>
        <logger name="log4j.logger.java.sql" level="debug" additivity="false">
            <appender-ref ref="Console"/>
        </logger>
        <logger name="com.eumji.mybatisxml.mapper" level="debug" />
        <root level="info">
            <appenderref ref="CONSOLE" />
        </root>
    </loggers>

</configuration>